/*
Navicat MySQL Data Transfer

Source Server         : localhost
Source Server Version : 50716
Source Host           : localhost:3306
Source Database       : mall_es

Target Server Type    : MYSQL
Target Server Version : 50716
File Encoding         : 65001

Date: 2020-12-21 16:59:55
*/

SET FOREIGN_KEY_CHECKS=0;

-- ----------------------------
-- Table structure for pms_product
-- ----------------------------
DROP TABLE IF EXISTS `pms_product`;
CREATE TABLE `pms_product` (
  `id` bigint(20) NOT NULL AUTO_INCREMENT,
  `brand_id` bigint(20) DEFAULT NULL,
  `product_category_id` bigint(20) DEFAULT NULL,
  `feight_template_id` bigint(20) DEFAULT NULL,
  `product_attribute_category_id` bigint(20) DEFAULT NULL,
  `name` varchar(64) NOT NULL,
  `pic` varchar(255) DEFAULT NULL,
  `product_sn` varchar(64) NOT NULL COMMENT '货号',
  `delete_status` int(1) DEFAULT NULL COMMENT '删除状态：0->未删除；1->已删除',
  `publish_status` int(1) DEFAULT NULL COMMENT '上架状态：0->下架；1->上架',
  `new_status` int(1) DEFAULT NULL COMMENT '新品状态:0->不是新品；1->新品',
  `recommand_status` int(1) DEFAULT NULL COMMENT '推荐状态；0->不推荐；1->推荐',
  `verify_status` int(1) DEFAULT NULL COMMENT '审核状态：0->未审核；1->审核通过',
  `sort` int(11) DEFAULT NULL COMMENT '排序',
  `sale` int(11) DEFAULT NULL COMMENT '销量',
  `price` decimal(10,2) DEFAULT NULL,
  `promotion_price` decimal(10,2) DEFAULT NULL COMMENT '促销价格',
  `gift_growth` int(11) DEFAULT '0' COMMENT '赠送的成长值',
  `gift_point` int(11) DEFAULT '0' COMMENT '赠送的积分',
  `use_point_limit` int(11) DEFAULT NULL COMMENT '限制使用的积分数',
  `sub_title` varchar(255) DEFAULT NULL COMMENT '副标题',
  `description` text COMMENT '商品描述',
  `original_price` decimal(10,2) DEFAULT NULL COMMENT '市场价',
  `stock` int(11) DEFAULT NULL COMMENT '库存',
  `low_stock` int(11) DEFAULT NULL COMMENT '库存预警值',
  `unit` varchar(16) DEFAULT NULL COMMENT '单位',
  `weight` decimal(10,2) DEFAULT NULL COMMENT '商品重量，默认为克',
  `preview_status` int(1) DEFAULT NULL COMMENT '是否为预告商品：0->不是；1->是',
  `service_ids` varchar(64) DEFAULT NULL COMMENT '以逗号分割的产品服务：1->无忧退货；2->快速退款；3->免费包邮',
  `keywords` varchar(255) DEFAULT NULL,
  `note` varchar(255) DEFAULT NULL,
  `album_pics` varchar(255) DEFAULT NULL COMMENT '画册图片，连产品图片限制为5张，以逗号分割',
  `detail_title` varchar(255) DEFAULT NULL,
  `detail_desc` text,
  `detail_html` text COMMENT '产品详情网页内容',
  `detail_mobile_html` text COMMENT '移动端网页详情',
  `promotion_start_time` datetime DEFAULT NULL COMMENT '促销开始时间',
  `promotion_end_time` datetime DEFAULT NULL COMMENT '促销结束时间',
  `promotion_per_limit` int(11) DEFAULT NULL COMMENT '活动限购数量',
  `promotion_type` int(1) DEFAULT NULL COMMENT '促销类型：0->没有促销使用原价;1->使用促销价；2->使用会员价；3->使用阶梯价格；4->使用满减价格；5->限时购',
  `brand_name` varchar(255) DEFAULT NULL COMMENT '品牌名称',
  `product_category_name` varchar(255) DEFAULT NULL COMMENT '商品分类名称',
  PRIMARY KEY (`id`)
) ENGINE=InnoDB AUTO_INCREMENT=37 DEFAULT CHARSET=utf8 COMMENT='商品信息';

-- ----------------------------
-- Records of pms_product
-- ----------------------------
INSERT INTO `pms_product` VALUES ('1', '49', '7', '0', '0', '银色星芒刺绣网纱底裤', 'http://macro-oss.oss-cn-shenzhen.aliyuncs.com/mall/images/20180522/web.png', 'No86577', '1', '1', '1', '1', '1', '100', '0', '100.00', null, '0', '100', null, '111', '111', '120.00', '100', '20', '件', '1000.00', '0', null, '银色星芒刺绣网纱底裤', '银色星芒刺绣网纱底裤', null, '银色星芒刺绣网纱底裤', '银色星芒刺绣网纱底裤', '银色星芒刺绣网纱底裤', '银色星芒刺绣网纱底裤', null, null, null, '0', '七匹狼', '外套');
INSERT INTO `pms_product` VALUES ('7', '1', '7', '0', '1', '女式超柔软拉毛运动开衫', 'http://macro-oss.oss-cn-shenzhen.aliyuncs.com/mall/images/20180522/web.png', 'No86577', '1', '0', '0', '0', '0', '0', '0', '249.00', '0.00', '0', '100', '0', '匠心剪裁，垂感质地', '匠心剪裁，垂感质地', '299.00', '100', '0', '件', '0.00', '0', 'string', '女式超柔软拉毛运动开衫', 'string', 'string', 'string', 'string', 'string', 'string', '2018-04-26 10:41:03', '2018-04-26 10:41:03', '0', '0', '万和', '外套');
INSERT INTO `pms_product` VALUES ('26', '3', '19', '0', '3', '华为 HUAWEI P20 ', 'http://macro-oss.oss-cn-shenzhen.aliyuncs.com/mall/images/20180607/5ac1bf58Ndefaac16.jpg', '6946605', '0', '1', '1', '1', '0', '100', '0', '3788.00', null, '3788', '3788', '0', 'AI智慧全面屏 6GB +64GB 亮黑色 全网通版 移动联通电信4G手机 双卡双待手机 双卡双待', '', '4288.00', '1000', '0', '件', '0.00', '1', '2,3,1', '', '', 'http://macro-oss.oss-cn-shenzhen.aliyuncs.com/mall/images/20180607/5ab46a3cN616bdc41.jpg,http://macro-oss.oss-cn-shenzhen.aliyuncs.com/mall/images/20180607/5ac1bf5fN2522b9dc.jpg', '', '', '<p><img class=\"wscnph\" src=\"http://macro-oss.oss-cn-shenzhen.aliyuncs.com/mall/images/20180607/5ad44f1cNf51f3bb0.jpg\" /><img class=\"wscnph\" src=\"http://macro-oss.oss-cn-shenzhen.aliyuncs.com/mall/images/20180607/5ad44fa8Nfcf71c10.jpg\" /><img class=\"wscnph\" src=\"http://macro-oss.oss-cn-shenzhen.aliyuncs.com/mall/images/20180607/5ad44fa9N40e78ee0.jpg\" /><img class=\"wscnph\" src=\"http://macro-oss.oss-cn-shenzhen.aliyuncs.com/mall/images/20180607/5ad457f4N1c94bdda.jpg\" /><img class=\"wscnph\" src=\"http://macro-oss.oss-cn-shenzhen.aliyuncs.com/mall/images/20180607/5ad457f5Nd30de41d.jpg\" /><img class=\"wscnph\" src=\"http://macro-oss.oss-cn-shenzhen.aliyuncs.com/mall/images/20180607/5b10fb0eN0eb053fb.jpg\" /></p>', '', null, null, '0', '1', '华为', '手机通讯');
INSERT INTO `pms_product` VALUES ('27', '6', '19', '0', '3', '小米8 全面屏游戏智能手机 6GB+64GB 黑色 全网通4G 双卡双待', 'http://macro-oss.oss-cn-shenzhen.aliyuncs.com/mall/images/20180615/xiaomi.jpg', '7437788', '0', '1', '1', '1', '0', '0', '0', '2699.00', null, '2699', '2699', '0', '骁龙845处理器，红外人脸解锁，AI变焦双摄，AI语音助手小米6X低至1299，点击抢购', '小米8 全面屏游戏智能手机 6GB+64GB 黑色 全网通4G 双卡双待', '2699.00', '100', '0', '', '0.00', '0', '', '', '', '', '', '', '<p><img class=\"wscnph\" src=\"http://macro-oss.oss-cn-shenzhen.aliyuncs.com/mall/images/20180615/5b2254e8N414e6d3a.jpg\" width=\"500\" /></p>', '', null, null, '0', '3', '小米', '手机数码');
INSERT INTO `pms_product` VALUES ('29', '51', '19', '0', '3', 'Apple iPhone 8 Plus 64GB 红色特别版 移动联通电信4G手机', 'http://macro-oss.oss-cn-shenzhen.aliyuncs.com/mall/images/20180615/5acc5248N6a5f81cd.jpg', '7437799', '0', '1', '1', '1', '0', '0', '0', '5499.00', null, '5499', '5499', '0', '【限时限量抢购】Apple产品年中狂欢节，好物尽享，美在智慧！速来 >> 勾选[保障服务][原厂保2年]，获得AppleCare+全方位服务计划，原厂延保售后无忧。', '', '5499.00', '100', '0', '', '0.00', '0', '', '', '', '', '', '', '', '', null, null, '0', '0', '苹果', '手机数码');
INSERT INTO `pms_product` VALUES ('32', '50', '8', '0', null, 'HLA海澜之家短袖T恤男基础款', 'http://macro-oss.oss-cn-shenzhen.aliyuncs.com/mall/images/20180615/5a51eb88Na4797877.jpg', 'HNTBJ2E153A', '0', '1', '0', '0', '0', '0', '0', '68.00', null, '0', '0', '0', 'HLA海澜之家短袖T恤男基础款简约圆领HNTBJ2E153A藏青(F3)175/92A(50)', '', '68.00', '100', '0', '', '0.00', '0', '', '', '', '', '', '', '', '', null, null, '0', '0', '海澜之家', 'T恤');
INSERT INTO `pms_product` VALUES ('33', '6', '35', '0', null, '小米（MI）小米电视4A ', 'http://macro-oss.oss-cn-shenzhen.aliyuncs.com/mall/images/20180615/5b02804dN66004d73.jpg', '4609652', '0', '1', '0', '0', '0', '0', '0', '2499.00', null, '0', '0', '0', '小米（MI）小米电视4A 55英寸 L55M5-AZ/L55M5-AD 2GB+8GB HDR 4K超高清 人工智能网络液晶平板电视', '', '2499.00', '100', '0', '', '0.00', '0', '', '', '', '', '', '', '', '', null, null, '0', '0', '小米', '手机数码');
INSERT INTO `pms_product` VALUES ('35', '58', '29', '0', '11', '耐克NIKE 男子 休闲鞋 ROSHE RUN 运动鞋 511881-010黑色41码', 'http://macro-oss.oss-cn-shenzhen.aliyuncs.com/mall/images/20180615/5b235bb9Nf606460b.jpg', '6799342', '0', '1', '0', '0', '0', '0', '0', '369.00', null, '0', '0', '0', '耐克NIKE 男子 休闲鞋 ROSHE RUN 运动鞋 511881-010黑色41码', '', '369.00', '100', '0', '', '0.00', '0', '', '', '', '', '', '', '', '', null, null, '0', '0', 'NIKE', '男鞋');
INSERT INTO `pms_product` VALUES ('36', '58', '29', '0', '11', '耐克NIKE 男子 气垫 休闲鞋 AIR MAX 90 ESSENTIAL 运动鞋 AJ1285-101白色41码', 'http://macro-oss.oss-cn-shenzhen.aliyuncs.com/mall/images/20180615/5b19403eN9f0b3cb8.jpg', '6799345', '0', '1', '1', '1', '0', '0', '0', '499.00', null, '0', '0', '0', '耐克NIKE 男子 气垫 休闲鞋 AIR MAX 90 ESSENTIAL 运动鞋 AJ1285-101白色41码', '', '499.00', '100', '0', '', '0.00', '0', '', '', '', '', '', '', '', '', null, null, '0', '0', 'NIKE', '男鞋');

-- ----------------------------
-- Table structure for pms_product_attribute
-- ----------------------------
DROP TABLE IF EXISTS `pms_product_attribute`;
CREATE TABLE `pms_product_attribute` (
  `id` bigint(20) NOT NULL AUTO_INCREMENT,
  `product_attribute_category_id` bigint(20) DEFAULT NULL,
  `name` varchar(64) DEFAULT NULL,
  `select_type` int(1) DEFAULT NULL COMMENT '属性选择类型：0->唯一；1->单选；2->多选',
  `input_type` int(1) DEFAULT NULL COMMENT '属性录入方式：0->手工录入；1->从列表中选取',
  `input_list` varchar(255) DEFAULT NULL COMMENT '可选值列表，以逗号隔开',
  `sort` int(11) DEFAULT NULL COMMENT '排序字段：最高的可以单独上传图片',
  `filter_type` int(1) DEFAULT NULL COMMENT '分类筛选样式：1->普通；1->颜色',
  `search_type` int(1) DEFAULT NULL COMMENT '检索类型；0->不需要进行检索；1->关键字检索；2->范围检索',
  `related_status` int(1) DEFAULT NULL COMMENT '相同属性产品是否关联；0->不关联；1->关联',
  `hand_add_status` int(1) DEFAULT NULL COMMENT '是否支持手动新增；0->不支持；1->支持',
  `type` int(1) DEFAULT NULL COMMENT '属性的类型；0->规格；1->参数',
  PRIMARY KEY (`id`)
) ENGINE=InnoDB AUTO_INCREMENT=52 DEFAULT CHARSET=utf8 COMMENT='商品属性参数表';

-- ----------------------------
-- Records of pms_product_attribute
-- ----------------------------
INSERT INTO `pms_product_attribute` VALUES ('1', '1', '尺寸', '2', '1', 'M,X,XL,2XL,3XL,4XL', '0', '0', '0', '0', '0', '0');
INSERT INTO `pms_product_attribute` VALUES ('7', '1', '颜色', '2', '1', '黑色,红色,白色,粉色', '100', '0', '0', '0', '1', '0');
INSERT INTO `pms_product_attribute` VALUES ('13', '0', '上市年份', '1', '1', '2013年,2014年,2015年,2016年,2017年', '0', '0', '0', '0', '0', '1');
INSERT INTO `pms_product_attribute` VALUES ('14', '0', '上市年份1', '1', '1', '2013年,2014年,2015年,2016年,2017年', '0', '0', '0', '0', '0', '1');
INSERT INTO `pms_product_attribute` VALUES ('15', '0', '上市年份2', '1', '1', '2013年,2014年,2015年,2016年,2017年', '0', '0', '0', '0', '0', '1');
INSERT INTO `pms_product_attribute` VALUES ('16', '0', '上市年份3', '1', '1', '2013年,2014年,2015年,2016年,2017年', '0', '0', '0', '0', '0', '1');
INSERT INTO `pms_product_attribute` VALUES ('17', '0', '上市年份4', '1', '1', '2013年,2014年,2015年,2016年,2017年', '0', '0', '0', '0', '0', '1');
INSERT INTO `pms_product_attribute` VALUES ('18', '0', '上市年份5', '1', '1', '2013年,2014年,2015年,2016年,2017年', '0', '0', '0', '0', '0', '1');
INSERT INTO `pms_product_attribute` VALUES ('19', '0', '适用对象', '1', '1', '青年女性,中年女性', '0', '0', '0', '0', '0', '1');
INSERT INTO `pms_product_attribute` VALUES ('20', '0', '适用对象1', '2', '1', '青年女性,中年女性', '0', '0', '0', '0', '0', '1');
INSERT INTO `pms_product_attribute` VALUES ('21', '0', '适用对象3', '2', '1', '青年女性,中年女性', '0', '0', '0', '0', '0', '1');
INSERT INTO `pms_product_attribute` VALUES ('24', '1', '商品编号', '1', '0', '', '0', '0', '0', '0', '0', '1');
INSERT INTO `pms_product_attribute` VALUES ('25', '1', '适用季节', '1', '1', '春季,夏季,秋季,冬季', '0', '0', '0', '0', '0', '1');
INSERT INTO `pms_product_attribute` VALUES ('32', '2', '适用人群', '0', '1', '老年,青年,中年', '0', '0', '0', '0', '0', '1');
INSERT INTO `pms_product_attribute` VALUES ('33', '2', '风格', '0', '1', '嘻哈风格,基础大众,商务正装', '0', '0', '0', '0', '0', '1');
INSERT INTO `pms_product_attribute` VALUES ('35', '2', '颜色', '0', '0', '', '100', '0', '0', '0', '1', '0');
INSERT INTO `pms_product_attribute` VALUES ('37', '1', '适用人群', '1', '1', '儿童,青年,中年,老年', '0', '0', '0', '0', '0', '1');
INSERT INTO `pms_product_attribute` VALUES ('38', '1', '上市时间', '1', '1', '2017年秋,2017年冬,2018年春,2018年夏', '0', '0', '0', '0', '0', '1');
INSERT INTO `pms_product_attribute` VALUES ('39', '1', '袖长', '1', '1', '短袖,长袖,中袖', '0', '0', '0', '0', '0', '1');
INSERT INTO `pms_product_attribute` VALUES ('40', '2', '尺码', '0', '1', '29,30,31,32,33,34', '0', '0', '0', '0', '0', '0');
INSERT INTO `pms_product_attribute` VALUES ('41', '2', '适用场景', '0', '1', '居家,运动,正装', '0', '0', '0', '0', '0', '1');
INSERT INTO `pms_product_attribute` VALUES ('42', '2', '上市时间', '0', '1', '2018年春,2018年夏', '0', '0', '0', '0', '0', '1');
INSERT INTO `pms_product_attribute` VALUES ('43', '3', '颜色', '0', '0', '', '100', '0', '0', '0', '1', '0');
INSERT INTO `pms_product_attribute` VALUES ('44', '3', '容量', '0', '1', '16G,32G,64G,128G', '0', '0', '0', '0', '0', '0');
INSERT INTO `pms_product_attribute` VALUES ('45', '3', '屏幕尺寸', '0', '0', '', '0', '0', '0', '0', '0', '1');
INSERT INTO `pms_product_attribute` VALUES ('46', '3', '网络', '0', '1', '3G,4G', '0', '0', '0', '0', '0', '1');
INSERT INTO `pms_product_attribute` VALUES ('47', '3', '系统', '0', '1', 'Android,IOS', '0', '0', '0', '0', '0', '1');
INSERT INTO `pms_product_attribute` VALUES ('48', '3', '电池容量', '0', '0', '', '0', '0', '0', '0', '0', '1');
INSERT INTO `pms_product_attribute` VALUES ('49', '11', '颜色', '0', '1', '红色,蓝色,绿色', '0', '1', '0', '0', '0', '0');
INSERT INTO `pms_product_attribute` VALUES ('50', '11', '尺寸', '0', '1', '38,39,40', '0', '0', '0', '0', '0', '0');
INSERT INTO `pms_product_attribute` VALUES ('51', '11', '风格', '0', '1', '夏季,秋季', '0', '0', '0', '0', '0', '0');

-- ----------------------------
-- Table structure for pms_product_attribute_value
-- ----------------------------
DROP TABLE IF EXISTS `pms_product_attribute_value`;
CREATE TABLE `pms_product_attribute_value` (
  `id` bigint(20) NOT NULL AUTO_INCREMENT,
  `product_id` bigint(20) DEFAULT NULL,
  `product_attribute_id` bigint(20) DEFAULT NULL,
  `value` varchar(64) DEFAULT NULL COMMENT '手动添加规格或参数的值，参数单值，规格有多个时以逗号隔开',
  PRIMARY KEY (`id`)
) ENGINE=InnoDB AUTO_INCREMENT=275 DEFAULT CHARSET=utf8 COMMENT='存储产品参数信息的表';

-- ----------------------------
-- Records of pms_product_attribute_value
-- ----------------------------
INSERT INTO `pms_product_attribute_value` VALUES ('8', '7', '1', 'X');
INSERT INTO `pms_product_attribute_value` VALUES ('9', '7', '1', 'XL');
INSERT INTO `pms_product_attribute_value` VALUES ('10', '7', '1', 'XXL');
INSERT INTO `pms_product_attribute_value` VALUES ('130', '1', '13', null);
INSERT INTO `pms_product_attribute_value` VALUES ('131', '1', '14', null);
INSERT INTO `pms_product_attribute_value` VALUES ('132', '1', '15', null);
INSERT INTO `pms_product_attribute_value` VALUES ('133', '1', '16', null);
INSERT INTO `pms_product_attribute_value` VALUES ('134', '1', '17', null);
INSERT INTO `pms_product_attribute_value` VALUES ('135', '1', '18', null);
INSERT INTO `pms_product_attribute_value` VALUES ('136', '1', '19', null);
INSERT INTO `pms_product_attribute_value` VALUES ('137', '1', '20', null);
INSERT INTO `pms_product_attribute_value` VALUES ('138', '1', '21', null);
INSERT INTO `pms_product_attribute_value` VALUES ('213', '27', '43', '黑色,蓝色');
INSERT INTO `pms_product_attribute_value` VALUES ('214', '27', '45', '5.8');
INSERT INTO `pms_product_attribute_value` VALUES ('215', '27', '46', '4G');
INSERT INTO `pms_product_attribute_value` VALUES ('216', '27', '47', 'Android');
INSERT INTO `pms_product_attribute_value` VALUES ('217', '27', '48', '3000ml');
INSERT INTO `pms_product_attribute_value` VALUES ('223', '29', '43', '金色,银色');
INSERT INTO `pms_product_attribute_value` VALUES ('224', '29', '45', '4.7');
INSERT INTO `pms_product_attribute_value` VALUES ('225', '29', '46', '4G');
INSERT INTO `pms_product_attribute_value` VALUES ('226', '29', '47', 'IOS');
INSERT INTO `pms_product_attribute_value` VALUES ('227', '29', '48', '1960ml');
INSERT INTO `pms_product_attribute_value` VALUES ('228', '26', '43', '金色,银色');
INSERT INTO `pms_product_attribute_value` VALUES ('229', '26', '45', '5.0');
INSERT INTO `pms_product_attribute_value` VALUES ('230', '26', '46', '4G');
INSERT INTO `pms_product_attribute_value` VALUES ('231', '26', '47', 'Android');
INSERT INTO `pms_product_attribute_value` VALUES ('232', '26', '48', '3000');
